abbreviation,expansion_pt,expansion_en
aa,ar ambiente,air
a/e,a esclarecer,to be clarified
ac:,ausculta cardíaca,cardiac auscultation
aco,anticoagulação,anticoagulation
aco plena,anticoagulação plena,full anticoagulation
acv,ausculta cardíaca,cardiac auscultation
acv:,ausculta cardíaca,cardiac auscultation
aht,ambos hemitórax,both hemithorax
aids,virus da imunodeficiência humana,human immunodeficiency virus
alt:,altura,height
amarelda,amarelada,yellow
amp,ampola,ampulla
aoe,abertura ocular expontânea,spontaneous eye opening
ap:,antecedentes pessoais,personal history
ar:,ausculta respiratória,respiratory auscultation
ar: mv,ausculta respiratória murmúrio vesicular,respiratory auscultation vesicular murmur
ar: mv bil,ausculta respiratória murmúrio vesicular bilateral,respiratory auscultation bilateral vesicular murmur
atb,antibioticoterapia,antibiotic therapy
atbterapia,antibioticoterapia,antibiotic therapy
bcf,bulhas cardíacas normofonéticas,normal heart sounds
bcnf,bulhas cardíacas normofonéticas,normal heart sounds
beg,bom estado geral,good general condition
bnf,bulhas normofonéticas,normal heart sounds
bnf s/s,bulhas normofonéticas sem sopros,normal heart sounds without murmurs
bpm,batimentos por minuto,beats per minute
c. albicans,candida albicans,candida albicans
c/,com,with
cd:,conduta,conduct
chaa,"corado, hidratado, anictérico, acianótico, afebril","flushed, hydrated, anicteric, acyanotic, afebrile"
chaaa,"corado, hidratado, anictérico, acianótico, afebril","flushed, hydrated, anicteric, acyanotic, afebrile"
civd,coagulação intravascular disseminada,disseminated intravascular coagulation
cti,centro de tratamento intensivo,intensive care unit
cti/ue,centro de tratamento intensivo,intensive care unit
dm,diabetes mellitus,diabetes mellitus
dm2,diabetes mellitus,diabetes mellitus
dm.,diabetes mellitus,diabetes mellitus
dm2.,diabetes mellitus,diabetes mellitus
dm1.,diabetes mellitus,diabetes mellitus
dm1,diabetes mellitus,diabetes mellitus
drc,doença renal crônica,chronic kidney disease
dva,droga vaso ativa,vasoactive drug
dva:,droga vaso ativa,vasoactive drug
e coli,escherichia coli,escherichia coli
e. coli,escherichia coli,escherichia coli
e.coli,escherichia coli,escherichia coli
eap,edema agudo de pulmão,acute pulmonary edema
eap: ,edema agudo de pulmão,acute pulmonary edema
eco tt,ecocardiografia transtorácica,transthoracic echocardiography
ecott,ecocardiografia transtorácica,transthoracic echocardiography
ef,enfermaria,ward
esq,esquerda,left
esq.,esquerda,left
fav,fístula artério-venosa,arteriovenous fistula
fc,frequencia cardíaca,heart rate
fc:,frequencia cardíaca,heart rate
fenta,fentanil,fentanyl
fr,frequencia respiratoria,respiratory rate
fr:,frequencia respiratoria,respiratory rate
gcs,escala de coma de Glasgow,Glasgow coma scale
has,hipertensão arterial sistêmica,systemic arterial hypertension
hd:,hipótese diagnóstica,diagnostic hypothesis
hda:,história doença atual,history of present illness
hiv,virus da imunodeficiência humana,human immunodeficiency virus
hma:,história doença atual,medical history
hmc,hemocultura,blood culture
hospitlar,hospitalar,hospital
hpma:,história doença atual,medical history
hpp:,história patológica pregressa,past medical history
icfer,insuficiência cardíaca com fração de ejeção reduzida,heart failure with reduced ejection fraction
icfer:,insuficiência cardíaca com fração de ejeção reduzida,heart failure with reduced ejection fraction
ics,infecção da corrente sanguínea,bloodstream infection
ics por s. aureus,infecção da corrente sanguínea por staphylococcus aureus,bloodstream infection by staphylococcus aureus
id:,identificação,identification
iot,intubação orotraqueal,orotracheal intubation
ipm,inspirações por minuto,inhalations per minute
ipm.,inspirações por minuto,inhalations per minute
itu,infecção do trato urinário,urinary tract infection
itu//,infecção do tratao urinário,urinary tract infection
lcr,líquor cefalo raquidiano,cerebrospinal fluid
lote,lúcido orientado no tempo e espaço,lucid oriented in time and space
lpp,lesão por pressão,pressure injury
meg,mal estado geral,poor general condition
mid,membro inferior direito,right lower limb
mida,midazolan,midazolam
mie,membro inferior esquerdo,left lower limb
mmi,membros inferiores,lower limbs
mmii,membros inferiores,lower limbs
mmii,membros inferiores,lower limbs
mmss,membros superiores,upper limbs
msd,membro superior direito,right upper limb
mse,membro superior esquerdo,left upper limb
multi r,multiresistente,multiresistant
mv,murmúrio vesicular,vesicular murmur
mvf s/ra,murmúrio vesicular sem ruídos adventícios,vesicular murmur without adventitious sounds
npt,nutrição parenteral total,total parenteral nutrition
o2,oxigênio,oxygen
obst,obstrução,obstruction
p/,para,
p:,peso,weight
pa,pressão arterial,blood pressure
pa:,pressão arterial,blood pressure
pa adm,pressão arterial na admissão,blood pressure on admission
pavm,pneumonia associada a ventilação mecânica,pneumonia associated with mechanical ventilation
pifr,pupilas isofotorreagentes,isophotoreactive pupils
po,pós operatório,postoperative
qd:,motivo da internação,reason for hospitalization
rcp,reanimação cardiopulmonar,cardiopulmonary resuscitation
rcr 2t,rítmo cardíaco regular em dois tempos,regular heart rhythm in two beats
rcr,rítmo cardíaco regular,regular heart rhythm
reg,regular estado geral,regular general condition
rha,ruídos hidroaéreos,loose bowel sounds
rnc,rebaixamento do nível de consciencia,decreased level of consciousness
rnc.,rebaixamento do nível de consciencia,decreased level of consciousness
rnm,ressonância nuclear magnética,MRI
rnm craniana,ressonância nuclear magnética craniana,cranial MRI
rnm crânio,ressonância nuclear magnética craniana,cranial MRI
rnm lombar,ressonância nuclear magnética lombar,lumbar MRI
rnm sacral,ressonância nuclear magnética sacral,sacral MRI
rx,raio x,x-ray
rx torax,raio x de tórax,chest x-ray
rx tórax,raio x de tórax,chest x-ray
s. aureus,staphylococcus aureus,staphylococcus aureus
s/ra,sem ruídos adventícios,no adventitious sounds
sato2,saturação de oxigênio,oxygen saturation
sato2:,saturação de oxigênio,oxygen saturation
sem ra,sem ruídos adventícios,no adventitious sounds
sf,soro fisiológico,saline solution
sida,virus da imunodeficiência humana,human immunodeficiency virus
sne,sonda nasoenteral,nasoenteral tube
sng,sonda nasogátrica,nasogatric tube
spo2,saturação de oxigênio,oxygen saturation
ssvv,sinais vitais,vital signs
ssvv:,sinais vitais,vital signs
staphilo,staphylococcus aureus,staphylococcus aureus
sth aureus,staphylococcus aureus,staphylococcus aureus
sth. aureus,staphylococcus aureus,staphylococcus aureus
svd,sonda vesical de demora,indwelling urinary catheter
svd.,sonda vesical de demora,indwelling urinary catheter
tb pulmonar,tuberculose pulmonar,pulmonary tuberculosis
tbg,tabagismo,smoking
tc cranio,tomografia computadorizada de crânio,cranial computed tomography
tc crânio,tomografia computadorizada de crânio,cranial computed tomography
tc de crânio,tomografia computadorizada de crânio,cranial computed tomography
tce,trauma crânio encefálico,cranial trauma
tec,tempo de enchimento capilar,capillary refill time
tep,tromboembolismo pulmonar,pulmonary thromboembolism
tqt,traqueostomia,tracheostomy
traqueo,traqueostomia,tracheostomy
tto,tratamento,treatment
tvp,trombose venosa profunda,deep vein thrombosis
ubs,unidade básica de saúde,basic health unit
unid,unidade,unit
upa,unidade de pronto atendimento,emergency care unit
urc,urocultura,urine culture
us,ultrasonografia,ultrasonography
usg,ultrasonografia,ultrasonography
vanco,vancomicina,vancomycin
vit k,vitamina k,vitamin k
vm iot,ventilação mecânica e intubação orotraqueal,mechanical ventilation and orotracheal intubation
vmg,visceromegalias,visceromegaly
vni,ventilação não invasiva,noninvasive ventilation
vni.,ventilação não invasiva,noninvasive ventilation
vni:,ventilação não invasiva,noninvasive ventilation
insuf.,insuficiência,failure
icc,insuficiência cardíaca,heart failure
icc.,insuficiência cardíaca,heart failure
icc:,insuficiência cardíaca,heart failure
tmax,temperatura máxima,maximum temperature
tmax.,temperatura máxima,maximum temperature
tmax:,temperatura máxima,maximum temperature
vmec,ventilação mecânica,mechanical ventilation
vmec.,ventilação mecânica,mechanical ventilation
vmec:,ventilação mecânica,mechanical ventilation
vm,ventilação mecânica,mechanical ventilation
s. epidermidis,staphylococcus epidermidis,staphylococcus epidermidis
stafilo epidermidis,staphylococcus epidermidis,staphylococcus epidermidis
stafilo capitis,staphylococcus capitis,staphylococcus capitis
s. capitis,staphylococcus capitis,staphylococcus capitis
hctz,hidroclorotiazida,hydrochlorothiazide
cv:,ausculta cardíaca,cardiac auscultation
abd:,abdome,abdomen
abd,abdome,abdomen
meds,medicamentos,medications
eda,endoscopia digestiva alta,upper gastrointestinal endoscopy
eda.,endoscopia digestiva alta,upper gastrointestinal endoscopy
tc pelve,tomografia computadorizada de pelve,pelvis computed tomography
ext:,extremidades,extremities
neuro:,neurologia,neurology
neuro,neurologia,neurology
nora,noradrenalina,norepinephrine
iam,infarto agudo do miocárdio,acute myocardial infarction
cate,cateterismo,catheterization
ccp,cirurgia de cabeça e pescoço,head and neck surgery
dx,diagnóstico,diagnosis
unid,unidade,unit
s/s,sem sopros,no murmurs
staphy capitis,staphylococcus capitis,staphylococcus capitis
sth capitis,staphylococcus capitis,staphylococcus capitis
p:,peso,weight
acineto,acinetobacter,acinetobacter
aco,anticoagulante,anticoagulant
aco.,anticoagulante,anticoagulant
sang,sangramento,bleeding
p/,para,
plq,plaqueta,platelet
bil,bilateral,bilateral
vitb,vitamina b,vitamin b
fa,fibrilação atrial,atrial fibrillation
dir.,direita,right
esq. ,esquerda,left
feve,fração de ejeção do ventrículo esquerdo,left ventricular ejection fraction
feve:,fração de ejeção do ventrículo esquerdo,left ventricular ejection fraction
eco,ecocardiografia transtorácica,transthoracic echocardiography
eco:,ecocardiografia transtorácica,transthoracic echocardiography
tmax,temperatura máxima,maximum temperature
uco,unidade coronariana,coronary unit
dvp,derivação ventrículo-peritoneal,ventriculoperitoneal shunt
vo,via oral,oral
faarv,fibrilação atrial de alta resposta ventricular,atrial fibrillation with high ventricular response
cvc,cateter venoso central,central venous catheter
s. haemolyticus,staphylococcus haemolyticus,staphylococcus haemolyticus
s haemolyticus,staphylococcus haemolyticus,staphylococcus haemolyticus
p. aeruginosa,pseudomonas aeruginosa,pseudomonas aeruginosa
p aeruginosa,pseudomonas aeruginosa,pseudomonas aeruginosa
k. pneumoniae,klebsiella pneumoniae,klebsiella pneumoniae
k pneumoniae,klebsiella pneumoniae,klebsiella pneumoniae
eeg,eletroencefalograma,electroencephalogram
eeg.,eletroencefalograma,electroencephalogram
a. baumanii,acinetobacter baumanii,acinetobacter baumanii
a baumanii,acinetobacter baumanii,acinetobacter baumanii
cc,centro cirúrgico,surgical center
e. faecalis,enterococcus faecalis,enterococcus faecalis
e faecalis,enterococcus faecalis,enterococcus faecalis
cir,cirurgia,surgery
pcte,paciente,patient
sdr,síndrome,syndrome
cmv,citomegalovírus,cytomegalovirus
s. hominis,staphylococcus hominis,staphylococcus hominis
s hominis,staphylococcus hominis,staphylococcus hominis
s. warneri ,staphylococcus warneri,staphylococcus warneri
s warneri ,staphylococcus warneri,staphylococcus warneri
kpc,klebsiella pneumoniae carbapenemase,klebsiella pneumoniae carbapenemase
srda,sindrome do desconforto respiratório agudo,acute respiratory distress syndrome
covid,coronavírus ,coronavirus
covid19,coronavírus ,coronavirus
covid-19,coronavírus ,coronavirus
cov-19,coronavírus ,coronavirus
cov19,coronavírus ,coronavirus
coronavirus,coronavírus ,coronavirus
sars cov2,coronavírus ,coronavirus
sars cov,coronavírus ,coronavirus
p.aeruginosa,pseudomonas aeruginosa,pseudomonas aeruginosa
furo,furosemida,furosemide
cef,cefalexina,cephalexin
dobuta,dobutamina,dobutamine
dpn,dispnéia paroxística noturna,paroxysmal nocturnal dyspnea
cipro,ciprofloxacino,ciprofloxacin
metro,metronidazol,metronidazole
tp,tempo de protrombina,prothrombin time
inr,razão normalizada internacional,international normalized ratio
s.agalactie,streptococcus agalactiae,streptococcus agalactiae
bbloq,beta bloqueador,beta blocker
fnb,fenobarbital,phenobarbital
avp,ácido valpróico,valproic acid
amt,cloridrato de amitriptilina,amitriptyline hydrochloride
ac valproico,ácido valpróico,valproic acid
ac. valproico,ácido valpróico,valproic acid
pbe,peritonite bacteriana expontânea,bacterial peritonitis spontaneous
pav,pneumonia associada a ventilação mecânica,pneumonia associated with mechanical ventilation
sarscov2,coronavírus ,coronavirus
picc,cateter central de inserção periférica,peripherally inserted central catheter
vfd,veia femural direita,right femoral vein
vfe,veia femural esquerda,left femoral vein
vjd,veia jugular direita,right jugular vein
vje,veia jugular esquerda,left jugular vein
vjed direita,veia jugular externa,external jugular vein
vjee,veia jugular externa esquerda,left external jugular vein
vjid,veia jugular interna direita,right internal jugular vein
vjie,veia jugular interna esquerda,left internal jugular vein
vscd,veia subclávia direita,right subclavian vein
vsce,veia subclávia esquerda,left subclavian vein
les,lupus eritematoso sistemico,systemic lupus erythematosus
ira akin,insuficiencia renal aguda akin,acute renal failure akin
atbs,antibioticoterapia,antibiotic therapy
lra,lesão renal aguda,acute kidney injury
hmg,hemograma,complete blood count
extbg,ex tabagista,ex-smoker
avch,acidente vascular cerebral hemorrágico,hemorrhagic stroke
hip,hemorragia intraparenquimatosa,intraparenchymal hemorrhage
daop,doença arterial obstrutiva periférica,peripheral arterial occlusive disease
avci,acidente vascular cerebral isquêmico,ischemic stroke
uroc,urocultura,urine culture
hma,história doença atual,medical history
cp,comprimido,tablet
aas,acido acetil salicilico,acetylsalicylic acid
sat,saturação,saturation
sat.,saturação,saturation
vcm.,visceromegalias,visceromegaly
vcm,visceromegalias,visceromegaly
rass,escala de agitação sedação,agitation scale sedation
ndn.,nada digno de nota,nothing noteworthy
ndn,nada digno de nota,nothing noteworthy
t. depresssivo,transtorno depressivo,depressive disorder
t depressivo,transtorno depressivo,disorder depressive
dac,doença arterial coronária,coronary artery disease
actp,angioplastia coronariana transluminal percutânea primária,primary percutaneous transluminal coronary angioplasty
cpk,creatinofosfoquinase,creatine phosphokinase
c/,com,with
pic,cateter central de inserção periférica,peripherally inserted central catheter
